{
  "physical": {
    "acc": 0.94125,
    "std": 0.10175798494467153,
    "ears": 12.75,
    "route_acc": 1.0
  },
  "open": {
    "acc": 0.525,
    "std": 0.02345207879911717,
    "ears": 14.0,
    "route_acc": null
  },
  "oracle": {
    "acc": 0.92375,
    "std": 0.13206887407712692,
    "ears": 12.75,
    "route_acc": null
  }
}