{
  "B1": [
    {
      "classes": 4,
      "dict": 6,
      "grown": 0.9633333333333334,
      "nodes": 3.6666666666666665,
      "random": 0.8316666666666667,
      "oracle": 1.0
    },
    {
      "classes": 6,
      "dict": 10,
      "grown": 1.0,
      "nodes": 3.6666666666666665,
      "random": 0.7483333333333334,
      "oracle": 1.0
    },
    {
      "classes": 8,
      "dict": 14,
      "grown": 0.9966666666666667,
      "nodes": 4.666666666666667,
      "random": 0.7966666666666665,
      "oracle": 1.0
    },
    {
      "classes": 10,
      "dict": 18,
      "grown": 0.9883333333333333,
      "nodes": 5.333333333333333,
      "random": 0.87,
      "oracle": 1.0
    }
  ],
  "B2": {
    "basic": "20/20",
    "resolution": {
      "6.0": 10,
      "3.0": 10,
      "1.5": 3,
      "0.75": 0
    },
    "switch_cycles": 6.300000000000001
  },
  "B3": {
    "amplitude": 0.489,
    "with_phase": 1.0
  }
}