{
  "T1": {
    "grown": 0.974375,
    "nodes": 3.625,
    "random": 0.873125,
    "oracle": 1.0
  },
  "T2": {
    "flat": {
      "acc": 0.9899999999999999,
      "trips": 2.0
    },
    "comb": {
      "acc": 1.0,
      "trips": 1.1666666666666667
    }
  },
  "T3": {
    "locked_fraction": 0.6666666666666666
  },
  "T4": {
    "closed ring": "12/12",
    "open chain": "0/12"
  }
}